ชัยภูมิ,เลย,228
ชัยภูมิ,ชัยภูมิ,0
ชัยภูมิ,หนองบัวลำภู,195
ชัยภูมิ,หนองคาย,288
ชัยภูมิ,อุดรธานี,251
ชัยภูมิ,ขอนแก่น,128
ชัยภูมิ,มหาสารคาม,166
ชัยภูมิ,ร้อยเอ็ด,205
ชัยภูมิ,กาฬสินธุ์,204
ชัยภูมิ,สกลนคร,339
ชัยภูมิ,นครพนม,428
ชัยภูมิ,มุกดาหาร,372
ชัยภูมิ,อำนาจเจริญ,324
ชัยภูมิ,ยโสธร,274
ชัยภูมิ,อุบลราชธานี,369
ชัยภูมิ,ศรีสะเกษ,286
ชัยภูมิ,สุรินทร์,227
ชัยภูมิ,บุรีรัมย์,181
ชัยภูมิ,นครราชสีมา,120
ชัยภูมิ,สระบุรี,225
ชัยภูมิ,แม่ฮ่องสอน,961
ชัยภูมิ,เชียงใหม่,640
ชัยภูมิ,ลำพูน,619
ชัยภูมิ,เชียงราย,722
ชัยภูมิ,พะเยา,631
ชัยภูมิ,น่าน,600
ชัยภูมิ,แพร่,482
ชัยภูมิ,ลำปาง,548
ชัยภูมิ,ตาก,436
ชัยภูมิ,กำแพงเพชร,368
ชัยภูมิ,สุโขทัย,380
ชัยภูมิ,อุตรดิตถ์,413
ชัยภูมิ,พิษณุโลก,321
ชัยภูมิ,พิจิตร,278
ชัยภูมิ,นครสวรรค์,259
ชัยภูมิ,เพชรบูรณ์,215
ชัยภูมิ,กรุงเทพฯ,359
ชัยภูมิ,นนทบุรี,349
ชัยภูมิ,ปทุมธานี,329
ชัยภูมิ,อยุธยา,289
ชัยภูมิ,อ่างทอง,285
ชัยภูมิ,สิงห์บุรี,305
ชัยภูมิ,ชัยนาท,360
ชัยภูมิ,อุทัยธานี,375
ชัยภูมิ,สุพรรณบุรี,385
ชัยภูมิ,นครสวรรค์,259
ชัยภูมิ,สระบุรี,225
ชัยภูมิ,ลพบุรี,355
ชัยภูมิ,นครนายก,285
ชัยภูมิ,ปราจีนบุรี,305
ชัยภูมิ,สระแก้ว,405
ชัยภูมิ,สมุทรปราการ,444
ชัยภูมิ,ฉะเชิงเทรา,355
ชัยภูมิ,ชลบุรี,425
ชัยภูมิ,ระยอง,495
ชัยภูมิ,จันทบุรี,540
ชัยภูมิ,ตราด,605
ชัยภูมิ,นครปฐม,416
ชัยภูมิ,กาญจนบุรี,480
ชัยภูมิ,ราชบุรี,461
ชัยภูมิ,สมุทรสาคร,397
ชัยภูมิ,สมุทรสงคราม,432
ชัยภูมิ,เพชรบุรี,486
ชัยภูมิ,ประจวบคีรีขันธ์,643
ชัยภูมิ,ชุมพร,815
ชัยภูมิ,ระนอง,931
ชัยภูมิ,สุราษฎร์ธานี,996
ชัยภูมิ,พังงา,1161
ชัยภูมิ,ภูเก็ต,1267
ชัยภูมิ,กระบี่,1160
ชัยภูมิ,ตรัง,1211
ชัยภูมิ,นครศรีธรรมราช,1158
ชัยภูมิ,พัทลุง,1227
ชัยภูมิ,สงขลา,1343
ชัยภูมิ,ปัตตานี,1405
ชัยภูมิ,ยะลา,1459
ชัยภูมิ,นราธิวาส,1494
ชัยภูมิ,สตูล,1340
เลย,ชัยภูมิ,228
เลย,เลย,0
เลย,หนองบัวลำภู,92
เลย,หนองคาย,192
เลย,อุดรธานี,141
เลย,ขอนแก่น,207
เลย,มหาสารคาม,289
เลย,ร้อยเอ็ด,329
เลย,กาฬสินธุ์,293
เลย,สกลนคร,318
เลย,นครพนม,425
เลย,มุกดาหาร,454
เลย,อำนาจเจริญ,450
เลย,ยโสธร,389
เลย,อุบลราชธานี,495
เลย,ศรีสะเกษ,466
เลย,สุรินทร์,447
เลย,บุรีรัมย์,402
เลย,นครราชสีมา,348
เลย,สระบุรี,422
เลย,แม่ฮ่องสอน,906
เลย,เชียงใหม่,602
เลย,ลำพูน,581
เลย,เชียงราย,682
เลย,พะเยา,588
เลย,น่าน,564
เลย,แพร่,447
เลย,ลำปาง,513
เลย,ตาก,407
เลย,กำแพงเพชร,372
เลย,สุโขทัย,328
เลย,อุตรดิตถ์,387
เลย,พิษณุโลก,269
เลย,พิจิตร,301
เลย,นครสวรรค์,374
เลย,เพชรบูรณ์,190
เลย,กรุงเทพฯ,558
เลย,นนทบุรี,548
เลย,ปทุมธานี,528
เลย,อยุธยา,488
เลย,อ่างทอง,482
เลย,สิงห์บุรี,502
เลย,ชัยนาท,557
เลย,อุทัยธานี,572
เลย,สุพรรณบุรี,582
เลย,นครสวรรค์,374
เลย,สระบุรี,422
เลย,ลพบุรี,552
เลย,นครนายก,482
เลย,ปราจีนบุรี,502
เลย,สระแก้ว,602
เลย,สมุทรปราการ,643
เลย,ฉะเชิงเทรา,552
เลย,ชลบุรี,622
เลย,ระยอง,692
เลย,จันทบุรี,737
เลย,ตราด,802
เลย,นครปฐม,615
เลย,กาญจนบุรี,679
เลย,ราชบุรี,660
เลย,สมุทรสาคร,596
เลย,สมุทรสงคราม,631
เลย,เพชรบุรี,685
เลย,ประจวบคีรีขันธ์,842
เลย,ชุมพร,1014
เลย,ระนอง,1130
เลย,สุราษฎร์ธานี,1195
เลย,พังงา,1360
เลย,ภูเก็ต,1466
เลย,กระบี่,1359
เลย,ตรัง,1410
เลย,นครศรีธรรมราช,1357
เลย,พัทลุง,1426
เลย,สงขลา,1542
เลย,ปัตตานี,1604
เลย,ยะลา,1658
เลย,นราธิวาส,1693
เลย,สตูล,1539
หนองบัวลำภู,ชัยภูมิ,195
หนองบัวลำภู,เลย,92
หนองบัวลำภู,หนองบัวลำภู,0
หนองบัวลำภู,หนองคาย,104
หนองบัวลำภู,อุดรธานี,51
หนองบัวลำภู,ขอนแก่น,117
หนองบัวลำภู,มหาสารคาม,205
หนองบัวลำภู,ร้อยเอ็ด,244
หนองบัวลำภู,กาฬสินธุ์,187
หนองบัวลำภู,สกลนคร,227
หนองบัวลำภู,นครพนม,321
หนองบัวลำภู,มุกดาหาร,373
หนองบัวลำภู,อำนาจเจริญ,371
หนองบัวลำภู,ยโสธร,309
หนองบัวลำภู,อุบลราชธานี,413
หนองบัวลำภู,ศรีสะเกษ,384
หนองบัวลำภู,สุรินทร์,368
หนองบัวลำภู,บุรีรัมย์,321
หนองบัวลำภู,นครราชสีมา,317
หนองบัวลำภู,สระบุรี,421
หนองบัวลำภู,แม่ฮ่องสอน,933
หนองบัวลำภู,เชียงใหม่,649
หนองบัวลำภู,ลำพูน,634
หนองบัวลำภู,เชียงราย,729
หนองบัวลำภู,พะเยา,635
หนองบัวลำภู,น่าน,611
หนองบัวลำภู,แพร่,494
หนองบัวลำภู,ลำปาง,566
หนองบัวลำภู,ตาก,460
หนองบัวลำภู,กำแพงเพชร,425
หนองบัวลำภู,สุโขทัย,381
หนองบัวลำภู,อุตรดิตถ์,434
หนองบัวลำภู,พิษณุโลก,322
หนองบัวลำภู,พิจิตร,377
หนองบัวลำภู,นครสวรรค์,415
หนองบัวลำภู,เพชรบูรณ์,231
หนองบัวลำภู,กรุงเทพฯ,554
หนองบัวลำภู,นนทบุรี,544
หนองบัวลำภู,ปทุมธานี,524
หนองบัวลำภู,อยุธยา,484
หนองบัวลำภู,อ่างทอง,481
หนองบัวลำภู,สิงห์บุรี,501
หนองบัวลำภู,ชัยนาท,556
หนองบัวลำภู,อุทัยธานี,571
หนองบัวลำภู,สุพรรณบุรี,581
หนองบัวลำภู,นครสวรรค์,415
หนองบัวลำภู,สระบุรี,421
หนองบัวลำภู,ลพบุรี,551
หนองบัวลำภู,นครนายก,481
หนองบัวลำภู,ปราจีนบุรี,501
หนองบัวลำภู,สระแก้ว,601
หนองบัวลำภู,สมุทรปราการ,639
หนองบัวลำภู,ฉะเชิงเทรา,551
หนองบัวลำภู,ชลบุรี,621
หนองบัวลำภู,ระยอง,691
หนองบัวลำภู,จันทบุรี,736
หนองบัวลำภู,ตราด,801
หนองบัวลำภู,นครปฐม,611
หนองบัวลำภู,กาญจนบุรี,675
หนองบัวลำภู,ราชบุรี,656
หนองบัวลำภู,สมุทรสาคร,592
หนองบัวลำภู,สมุทรสงคราม,627
หนองบัวลำภู,เพชรบุรี,681
หนองบัวลำภู,ประจวบคีรีขันธ์,838
หนองบัวลำภู,ชุมพร,1010
หนองบัวลำภู,ระนอง,1126
หนองบัวลำภู,สุราษฎร์ธานี,1191
หนองบัวลำภู,พังงา,1356
หนองบัวลำภู,ภูเก็ต,1462
หนองบัวลำภู,กระบี่,1355
หนองบัวลำภู,ตรัง,1406
หนองบัวลำภู,นครศรีธรรมราช,1353
หนองบัวลำภู,พัทลุง,1422
หนองบัวลำภู,สงขลา,1538
หนองบัวลำภู,ปัตตานี,1600
หนองบัวลำภู,ยะลา,1654
หนองบัวลำภู,นราธิวาส,1689
หนองบัวลำภู,สตูล,1535
หนองคาย,ชัยภูมิ,288
หนองคาย,เลย,192
หนองคาย,หนองบัวลำภู,104
หนองคาย,หนองคาย,0
หนองคาย,อุดรธานี,52
หนองคาย,ขอนแก่น,173
หนองคาย,มหาสารคาม,267
หนองคาย,ร้อยเอ็ด,306
หนองคาย,กาฬสินธุ์,240
หนองคาย,สกลนคร,209
หนองคาย,นครพนม,318
หนองคาย,มุกดาหาร,432
หนองคาย,อำนาจเจริญ,428
หนองคาย,ยโสธร,367
หนองคาย,อุบลราชธานี,473
หนองคาย,ศรีสะเกษ,444
หนองคาย,สุรินทร์,426
หนองคาย,บุรีรัมย์,380
หนองคาย,นครราชสีมา,373
หนองคาย,สระบุรี,522
หนองคาย,แม่ฮ่องสอน,1122
หนองคาย,เชียงใหม่,818
หนองคาย,ลำพูน,797
หนองคาย,เชียงราย,898
หนองคาย,พะเยา,804
หนองคาย,น่าน,780
หนองคาย,แพร่,663
หนองคาย,ลำปาง,729
หนองคาย,ตาก,623
หนองคาย,กำแพงเพชร,588
หนองคาย,สุโขทัย,544
หนองคาย,อุตรดิตถ์,603
หนองคาย,พิษณุโลก,485
หนองคาย,พิจิตร,518
หนองคาย,นครสวรรค์,576
หนองคาย,เพชรบูรณ์,393
หนองคาย,กรุงเทพฯ,654
หนองคาย,นนทบุรี,644
หนองคาย,ปทุมธานี,624
หนองคาย,อยุธยา,584
หนองคาย,อ่างทอง,582
หนองคาย,สิงห์บุรี,602
หนองคาย,ชัยนาท,657
หนองคาย,อุทัยธานี,672
หนองคาย,สุพรรณบุรี,682
หนองคาย,นครสวรรค์,576
หนองคาย,สระบุรี,522
หนองคาย,ลพบุรี,652
หนองคาย,นครนายก,582
หนองคาย,ปราจีนบุรี,602
หนองคาย,สระแก้ว,702
หนองคาย,สมุทรปราการ,739
หนองคาย,ฉะเชิงเทรา,652
หนองคาย,ชลบุรี,722
หนองคาย,ระยอง,792
หนองคาย,จันทบุรี,837
หนองคาย,ตราด,902
หนองคาย,นครปฐม,711
หนองคาย,กาญจนบุรี,775
หนองคาย,ราชบุรี,756
หนองคาย,สมุทรสาคร,692
หนองคาย,สมุทรสงคราม,727
หนองคาย,เพชรบุรี,781
หนองคาย,ประจวบคีรีขันธ์,938
หนองคาย,ชุมพร,1110
หนองคาย,ระนอง,1226
หนองคาย,สุราษฎร์ธานี,1291
หนองคาย,พังงา,1456
หนองคาย,ภูเก็ต,1562
หนองคาย,กระบี่,1455
หนองคาย,ตรัง,1506
หนองคาย,นครศรีธรรมราช,1453
หนองคาย,พัทลุง,1522
หนองคาย,สงขลา,1638
หนองคาย,ปัตตานี,1700
หนองคาย,ยะลา,1754
หนองคาย,นราธิวาส,1789
หนองคาย,สตูล,1635
